-- MySQL dump 10.13  Distrib 8.0.38, for Win64 (x86_64)
--
-- Host: localhost    Database: projectb
-- ------------------------------------------------------
-- Server version	8.0.38

/*!40101 SET @OLD_CHARACTER_SET_CLIENT=@@CHARACTER_SET_CLIENT */;
/*!40101 SET @OLD_CHARACTER_SET_RESULTS=@@CHARACTER_SET_RESULTS */;
/*!40101 SET @OLD_COLLATION_CONNECTION=@@COLLATION_CONNECTION */;
/*!50503 SET NAMES utf8 */;
/*!40103 SET @OLD_TIME_ZONE=@@TIME_ZONE */;
/*!40103 SET TIME_ZONE='+00:00' */;
/*!40014 SET @OLD_UNIQUE_CHECKS=@@UNIQUE_CHECKS, UNIQUE_CHECKS=0 */;
/*!40014 SET @OLD_FOREIGN_KEY_CHECKS=@@FOREIGN_KEY_CHECKS, FOREIGN_KEY_CHECKS=0 */;
/*!40101 SET @OLD_SQL_MODE=@@SQL_MODE, SQL_MODE='NO_AUTO_VALUE_ON_ZERO' */;
/*!40111 SET @OLD_SQL_NOTES=@@SQL_NOTES, SQL_NOTES=0 */;

--
-- Table structure for table `admins`
--

DROP TABLE IF EXISTS `admins`;
/*!40101 SET @saved_cs_client     = @@character_set_client */;
/*!50503 SET character_set_client = utf8mb4 */;
CREATE TABLE `admins` (
  `id` int NOT NULL AUTO_INCREMENT,
  `address` varchar(255) DEFAULT NULL,
  `city` varchar(50) DEFAULT NULL,
  `email` varchar(50) NOT NULL,
  `name` varchar(50) NOT NULL,
  `password` varchar(50) NOT NULL,
  `phone` varchar(50) NOT NULL,
  `province` varchar(50) DEFAULT NULL,
  `status` varchar(50) DEFAULT NULL,
  PRIMARY KEY (`id`)
) ENGINE=InnoDB AUTO_INCREMENT=4 DEFAULT CHARSET=utf8mb4 COLLATE=utf8mb4_0900_ai_ci;
/*!40101 SET character_set_client = @saved_cs_client */;

--
-- Dumping data for table `admins`
--

LOCK TABLES `admins` WRITE;
/*!40000 ALTER TABLE `admins` DISABLE KEYS */;
INSERT INTO `admins` VALUES (1,'Nam Kỳ Khởi Nghĩa, Định Hòa','Thành phố Thủ Dầu Một','yenhopie28@gmail.com','Liora Master','5927dd3f25a557a55db7be17df012855ba8b6721','0123456789','Tỉnh Bình Dương','Active'),(2,'23/4 abs','Huyện Bình Gia','long@gmail.com','Long Lê','1570946d5efcec35d6c612fda0a7a54df178a0ba','0312564587','Tỉnh Lạng Sơn','Active'),(3,'123/45','Quận Bình Thạnh','admin@gmail.com','abc','655e8b9d0db47ed0956b008c2acfcd5f1c97a8f3','123456789','Thành phố Hồ Chí Minh','Active');
/*!40000 ALTER TABLE `admins` ENABLE KEYS */;
UNLOCK TABLES;

--
-- Table structure for table `blogs`
--

DROP TABLE IF EXISTS `blogs`;
/*!40101 SET @saved_cs_client     = @@character_set_client */;
/*!50503 SET character_set_client = utf8mb4 */;
CREATE TABLE `blogs` (
  `id` int NOT NULL,
  `createtime` date DEFAULT NULL,
  `description` text,
  `image` varchar(2083) DEFAULT NULL,
  `postby` varchar(50) DEFAULT NULL,
  `status` varchar(50) DEFAULT NULL,
  `title` text,
  `tag` text,
  PRIMARY KEY (`id`)
) ENGINE=InnoDB DEFAULT CHARSET=utf8mb4 COLLATE=utf8mb4_0900_ai_ci;
/*!40101 SET character_set_client = @saved_cs_client */;

--
-- Dumping data for table `blogs`
--

LOCK TABLES `blogs` WRITE;
/*!40000 ALTER TABLE `blogs` DISABLE KEYS */;
INSERT INTO `blogs` VALUES (1,'2024-12-23','<p>When it comes to luxury beauty products, few names resonate as profoundly as Dior. The iconic brand has long been synonymous with elegance, sophistication, and timeless style. Among its stellar lineup, the <strong>Dior Rouge Dior Forever Lipstick in 647 Forever Feminine</strong> stands out as a must-have for those who appreciate both quality and aesthetics.</p><h2>A Color That Captivates</h2><p>The shade \"Forever Feminine\" is a beautiful, soft pink that embodies the essence of femininity. It strikes the perfect balance between subtle and striking, making it ideal for both everyday wear and special occasions. Whether you’re heading to the office, enjoying a brunch with friends, or attending an evening gala, this lipstick enhances your natural beauty without overwhelming your look.</p><h2>Formula and Finish</h2><p>What truly sets the Dior Rouge Dior Forever Lipstick apart is its remarkable formula. Enriched with a blend of moisturizing ingredients, this lipstick glides on smoothly, providing a comfortable wear that lasts throughout the day. The finish is beautifully satin, offering a slight sheen that catches the light without being overly glossy. This makes it an excellent choice for those who prefer a polished look without the maintenance of high-shine products.</p><h2>Longevity and Comfort</h2><p>Longevity is crucial in any lipstick, and Dior delivers with the Forever range. The formula is designed to provide long-lasting color that doesn’t fade or feather. You can enjoy your day without constantly checking for touch-ups. Additionally, the hydrating properties ensure that your lips feel soft and nourished, eliminating the dryness that often accompanies long-wearing lip products.</p><h2>Packaging That Speaks Volumes</h2><p>Dior is known for its luxurious packaging, and the Rouge Dior Forever Lipstick is no exception. Housed in a sleek, elegant tube adorned with the classic Dior logo, it’s a piece of art in itself. The weight of the tube and the satisfying click when closing it add to the overall luxurious experience, making it a beautiful addition to any makeup collection.</p><h2>How to Wear It</h2><p>For a fresh, everyday look, pair the 647 Forever Feminine lipstick with minimal makeup: a touch of foundation, a hint of blush, and a light coat of mascara. This allows the lipstick to be the focal point. For a more dramatic evening look, consider pairing it with a smoky eye. The soft pink will contrast beautifully against darker shades, creating a stunning balance.</p><h2>Conclusion</h2><p>Dior Rouge Dior Forever Lipstick in 647 Forever Feminine is more than just a lipstick; it’s an expression of elegance and sophistication. Its beautiful color, comfortable wear, and luxurious packaging make it a standout choice for anyone looking to elevate their makeup game. Whether you’re a long-time Dior enthusiast or a newcomer to the brand, this lipstick deserves a spot in your beauty arsenal.</p><p>Indulge in the timeless charm of Dior, and let your lips speak volumes with the enchanting Forever Feminine shade.</p>','dior.jpg','Liora Master','Published','Embracing Elegance: A Deep Dive into Dior Rouge Dior Forever Lipstick 647 Forever Feminine','#RougeDior #ForeverFeminine #BeautyBlog #Cosmetics #MakeupTrends'),(2,'2024-12-03','<p>In the world of skincare, finding the right products that cater to your skin\'s unique needs can be a daunting task. Among the myriad of options available, <strong>Simple Kind to Skin Soothing Facial Toner</strong> stands out, particularly for those with sensitive skin. This 200ml toner not only refreshes your complexion but also nourishes and calms your skin. Let’s delve into the features and benefits of this remarkable product.</p><h2>A Gentle Formula for Sensitive Skin</h2><p>Simple Kind to Skin Soothing Facial Toner is specifically designed for sensitive skin types. Free from artificial perfumes and colors, this toner is formulated with natural ingredients that help soothe irritation and redness. It’s perfect for anyone looking to maintain a healthy complexion without the harsh effects often associated with traditional toners.</p><h3>Key Ingredients</h3><p>The toner contains a blend of skin-loving ingredients, including:</p><ul><li><strong>Chamomile Extract</strong>: Known for its calming properties, chamomile helps to reduce redness and soothe inflamed skin.</li><li><strong>Witch Hazel</strong>: A natural astringent that tightens pores and reduces excess oil, witch hazel helps keep your skin looking fresh and balanced.</li><li><strong>Pro-Vitamin B5</strong>: This ingredient is known for its hydrating properties, helping to maintain the skin\'s moisture balance and promote healing.</li></ul><p>These ingredients work synergistically to create a toner that not only refreshes but also nurtures your skin.</p><h2>Benefits of Using a Toner</h2><p>Incorporating a toner into your skincare routine can offer numerous benefits:</p><p><strong>Balances pH Levels</strong>: After cleansing, your skin\'s pH may become unbalanced. A toner helps restore its natural state, preparing your skin for moisturizers and serums.</p><p><strong>Removes Residual Impurities</strong>: Even the best cleansers can leave traces of makeup and dirt. A toner helps to remove any leftover impurities, ensuring your skin is clean and refreshed.</p><p><strong>Prepares Skin for Moisturization</strong>: By hydrating and prepping your skin, a toner allows for better absorption of subsequent skincare products, enhancing their effectiveness.</p><p><strong>Soothes and Calms</strong>: With its gentle formulation, Simple Kind to Skin Soothing Facial Toner helps to calm irritated or sensitive skin, making it ideal for daily use.</p><h2>How to Use the Toner</h2><p>Using Simple Kind to Skin Soothing Facial Toner is easy. Follow these simple steps for the best results:</p><p><strong>Cleanse Your Face</strong>: Start with a gentle cleanser to remove makeup and impurities.</p><p><strong>Apply the Toner</strong>: Soak a cotton pad with the toner and sweep it across your face and neck, avoiding the eye area.</p><p><strong>Follow Up with Moisturizer</strong>: After toning, apply your favorite moisturizer to lock in hydration.</p><p>For an extra refreshing boost, you can keep the toner in the fridge and apply it on hot days or after workouts.</p><h2>Conclusion</h2><p>Simple Kind to Skin Soothing Facial Toner is a fantastic addition to any skincare routine, especially for those with sensitive skin. Its gentle, soothing formula effectively balances, cleanses, and preps your skin for the day ahead. Plus, with <strong>free shipping</strong> on this 200ml toner, there’s no better time to give your skin the care it deserves.</p><p>Embrace the soothing power of Simple Kind to Skin Soothing Facial Toner, and enjoy a refreshed, radiant complexion every day!</p>','simple.JPG','Long Lê','Published','Discover the Benefits of Simple Kind to Skin Soothing Facial Toner','#SimpleSkincare #SensitiveSkin #BeautyBlog #TonerBenefits'),(3,'2024-12-04','<p>In the world of makeup, an eyeliner can truly transform your look, enhancing your eyes and adding definition. Among the myriad of options available, the <strong>Lancôme Artliner 24H Eyeliner</strong> stands out as a must-have for anyone seeking precision and bold color. Specifically, the shade <strong>Black Diamond</strong> offers a stunning finish that combines elegance and intensity. Let’s explore what makes this eyeliner a staple in every beauty enthusiast\'s makeup bag.</p><h2>A Perfect Blend of Precision and Boldness</h2><p>The Lancôme Artliner 24H Eyeliner is designed for those who desire both precision and long-lasting wear. Its unique formula glides on effortlessly, allowing you to create everything from a subtle line to a dramatic cat-eye look. The <strong>Black Diamond</strong> shade is particularly captivating, featuring a rich black base with fine shimmer that adds a touch of glamour to any eye makeup look.</p><h3>Key Features</h3><p><strong>24-Hour Wear</strong>: One of the standout features of this eyeliner is its incredible staying power. Formulated to last all day and night, you can trust that your eyeliner will remain intact through any occasion, whether it’s a long workday or a night out on the town.</p><p><strong>Precision Tip</strong>: The applicator of the Artliner is designed for precision. Its felt-tip pen allows for smooth application, ensuring that you can achieve the perfect line without any fuss. Whether you’re a beginner or a makeup pro, this eyeliner makes it easy to create your desired look.</p><p><strong>Intense Color Payoff</strong>: The <strong>Black Diamond</strong> shade delivers a bold and vibrant finish. The rich pigmentation means you won’t need to apply multiple layers for impact, making it a time-saver in your beauty routine.</p><p><strong>Versatile Looks</strong>: From a classic winged eyeliner to a smoky eye, the Lancôme Artliner adapts to your style. It’s perfect for both everyday wear and special occasions, allowing you to express your creativity.</p><h2>How to Apply Lancôme Artliner 24H Eyeliner</h2><p>Achieving the perfect eyeliner look with the Artliner is simple. Here’s a quick guide to help you get started:</p><p><strong>Prep Your Eyes</strong>: Ensure your eyelids are clean and primed. You can use an eyeshadow primer to create a smooth canvas.</p><p><strong>Start at the Inner Corner</strong>: Begin applying the eyeliner from the inner corner of your eye, working your way outwards. Use short strokes for better control.</p><p><strong>Create Your Desired Shape</strong>: For a classic look, keep the line thin. For a bolder effect, build up the width gradually. To create a wing, extend the line slightly upward at the outer corner.</p><p><strong>Allow to Set</strong>: Give the eyeliner a moment to dry after application. This will help prevent any smudging and ensure a long-lasting finish.</p><h2>Conclusion</h2><p>The <strong>Lancôme Artliner 24H Eyeliner</strong> in <strong>Black Diamond</strong> is an essential tool for anyone looking to elevate their eye makeup game. Its impressive formula, precision application, and bold color make it a standout choice for both everyday wear and special occasions. Whether you’re aiming for a subtle enhancement or a dramatic statement, this eyeliner delivers on all fronts.</p><p>Investing in quality makeup products like the Lancôme Artliner will not only enhance your beauty routine but also boost your confidence. Embrace the elegance and versatility of this eyeliner, and let your eyes make a statement!</p>','lancome.jpg','Long Lê','Published','Discover the Elegance of Lancôme Artliner 24H Eyeliner: Bold Color Precision Eye Liner in Black Diamond','#Lancôme #Eyeliner #EyeMakeup #Cosmetics #BeautyBlog #MakeupTips #BoldEyes'),(4,'2024-12-04','<p>When it comes to achieving a flawless complexion, the right foundation can make all the difference. The <strong>Giorgio Armani Luminous Silk Foundation</strong> has gained a cult following for its lightweight feel and radiant finish, and the shade <strong>#9 Tan to Deep</strong> is perfect for those with medium to deep skin tones. Let’s explore what makes this foundation a standout choice in the world of beauty.</p><h2>Why Choose Luminous Silk Foundation?</h2><h3>1. <strong>Silk-Like Texture</strong></h3><p>The Luminous Silk Foundation is renowned for its silky, lightweight texture that glides effortlessly onto the skin. This luxurious formula provides a second-skin feel, allowing for buildable coverage that feels comfortable throughout the day. Whether you prefer a sheer finish for everyday wear or a more polished look for special occasions, this foundation adapts beautifully to your needs.</p><h3>2. <strong>Radiant Finish</strong></h3><p>As the name suggests, the Luminous Silk Foundation delivers a radiant, healthy glow. It’s designed to enhance your natural luminosity without appearing overly shiny or oily. The result is a fresh, dewy complexion that looks revitalized and youthful.</p><h3>3. <strong>Long-Lasting Wear</strong></h3><p>One of the standout features of this foundation is its impressive longevity. The lightweight formula is resistant to fading, ensuring that your makeup stays in place from morning to night. With the right primer, you can expect a flawless finish that lasts all day, making it ideal for busy schedules.</p><h3>4. <strong>Shade Versatility</strong></h3><p>The shade <strong>#9 Tan to Deep</strong> is specifically formulated for medium to deep skin tones, offering a warm undertone that complements a variety of complexions. The extensive shade range of the Luminous Silk Foundation ensures that everyone can find their perfect match, making it a go-to choice for makeup lovers everywhere.</p><h2>How to Apply for Best Results</h2><p>To achieve the best results with the Giorgio Armani Luminous Silk Foundation, follow these simple steps:</p><p><strong>Prep Your Skin</strong>: Start with a clean, moisturized face. A good primer can help create a smooth base and enhance the foundation\'s longevity.</p><p><strong>Use the Right Tools</strong>: You can apply the foundation using a brush, sponge, or your fingers. For a seamless finish, a damp beauty sponge works wonders in blending the product into the skin.</p><p><strong>Build Coverage as Needed</strong>: Start with a small amount of foundation, applying it to the center of your face and blending outward. Add more product in areas where you need extra coverage, such as redness or blemishes.</p><p><strong>Set with Powder</strong>: If you have oily skin or prefer a matte finish, lightly set your foundation with a translucent powder.</p><h2>Conclusion</h2><p>The <strong>Giorgio Armani Luminous Silk Foundation</strong> in <strong>#9 Tan to Deep</strong> is a must-have for anyone seeking a radiant, flawless complexion. Its luxurious texture, buildable coverage, and long-lasting wear make it a staple in any makeup collection. Whether you’re heading to the office or a night out, this foundation ensures you look your best.</p><p>Invest in the Luminous Silk Foundation to elevate your makeup routine and embrace the beauty of a luminous, silk-like finish. Your skin will thank you!</p>','armani.jpg','Long Lê','Published','Unveiling the Radiance: Giorgio Armani Luminous Silk Foundation in #9 Tan to Deep','#GiorgioArmani #Foundation #Cosmetics #BeautyBlog #MakeupTips'),(5,'2024-12-23','<p>For the holiday season, the House of Dior presents a magical Dior Advent Calendar that recreates the facade of the historic boutique at 30 Avenue Montaigne. It opens to display a stunning gold decoration featuring a multitude of botanical designs and a radiant sun inspired by French-style gardens, created by artist Pietro Ruffo for Dior.<br><br>A poetic picture of Paris, this Dior Advent Calendar houses 24 miniature creations from the House of Dior, including refined fragrances, sophisticated makeup creations, skincare products, and a scented candle. A set filled with surprises to help you count down the days to Christmas as you discover or rediscover iconic creations from the House of Dior.<br><br>If you wish to keep the gifts that await you in the Dior Advent Calendar a surprise every day all the way until Christmas Eve, stop reading here, as its contents are revealed below.<br><br><strong>FRAGRANCE:</strong><br>J\'adore Eau de Parfum, 5 ml<br>J\'adore Parfum d\'eau, 5 ml<br>J\'adore l\'Or, 3.5 ml<br>Sauvage Eau de Parfum, 10 ml<br>Sauvage Eau de Toilette, 10 ml<br>Dior Homme Eau de Toilette, 10 ml<br>Miss Dior Eau de Parfum, 5 ml<br>Miss Dior Blooming Bouquet, 5 ml<br>Miss Dior Parfum, 5 ml<br><br><strong>MAKEUP:</strong><br>Rouge Dior lipstick, shade 999, velvet finish, 3.5 g<br>Rouge Dior lipstick, shade 720 Icone, satin finish, 1.5 g<br>Dior Addict Lip Maximizer, shade 001 Pink, 6 ml<br>Dior Addict Lip Glow, shade 001 Pink, 3.2 g<br>Dior Vernis, shade 999, 10 ml<br>Dior Vernis, shade 513 J\'adore, 10 ml<br>Diorshow Mono Couleur, shade 658 Beige Mitzah, 2 g<br>Diorshow Mono Couleur, shade 006 Pearl Star, 2 g<br>Diorshow Iconic Overcurl, shade 090 Noir/Black, 4 g<br>Rosy Glow, shade 001 Pink, 4.4 g<br><br><strong>SKINCARE:</strong><br>Dior Prestige La Crème, 15 ml<br>Dior Prestige La Micro-Huile de Rose Activated Serum, 10 ml<br>Capture Totale Le Sérum, 10 ml<br>La Mousse OFF/ON, 50 ml<br><br><strong>LIFESTYLE:</strong><br>Bois des Rêves Candle, 85 g<br><br>This Dior Advent Calendar can then be reused as a storage case.<br><br>Dimensions of the set once opened: 415 mm x 338 mm x 135 mm.</p>','diordiordior.jpg','Liora Master','Published','Le 30 Montaigne Advent Calendar','#romance #sweet #lovely');
/*!40000 ALTER TABLE `blogs` ENABLE KEYS */;
UNLOCK TABLES;

--
-- Table structure for table `cart`
--

DROP TABLE IF EXISTS `cart`;
/*!40101 SET @saved_cs_client     = @@character_set_client */;
/*!50503 SET character_set_client = utf8mb4 */;
CREATE TABLE `cart` (
  `customer_id` int NOT NULL,
  `product_id` int NOT NULL,
  `quantity` int NOT NULL,
  PRIMARY KEY (`customer_id`,`product_id`),
  KEY `FK3d704slv66tw6x5hmbm6p2x3u` (`product_id`),
  CONSTRAINT `FK3d704slv66tw6x5hmbm6p2x3u` FOREIGN KEY (`product_id`) REFERENCES `product` (`id`),
  CONSTRAINT `FKdebwvad6pp1ekiqy5jtixqbaj` FOREIGN KEY (`customer_id`) REFERENCES `customer` (`id`)
) ENGINE=InnoDB DEFAULT CHARSET=utf8mb4 COLLATE=utf8mb4_0900_ai_ci;
/*!40101 SET character_set_client = @saved_cs_client */;

--
-- Dumping data for table `cart`
--

LOCK TABLES `cart` WRITE;
/*!40000 ALTER TABLE `cart` DISABLE KEYS */;
INSERT INTO `cart` VALUES (1,20,1),(2,30,1),(2,32,3),(2,33,2),(4,23,4),(4,28,5);
/*!40000 ALTER TABLE `cart` ENABLE KEYS */;
UNLOCK TABLES;

--
-- Table structure for table `categories`
--

DROP TABLE IF EXISTS `categories`;
/*!40101 SET @saved_cs_client     = @@character_set_client */;
/*!50503 SET character_set_client = utf8mb4 */;
CREATE TABLE `categories` (
  `id` int NOT NULL,
  `name` varchar(50) DEFAULT NULL,
  `status` varchar(255) DEFAULT NULL,
  `is_active` bit(1) DEFAULT NULL,
  PRIMARY KEY (`id`)
) ENGINE=InnoDB DEFAULT CHARSET=utf8mb4 COLLATE=utf8mb4_0900_ai_ci;
/*!40101 SET character_set_client = @saved_cs_client */;

--
-- Dumping data for table `categories`
--

LOCK TABLES `categories` WRITE;
/*!40000 ALTER TABLE `categories` DISABLE KEYS */;
INSERT INTO `categories` VALUES (1,'Shampoo','Active',_binary ''),(2,'Conditioner','Active',_binary ''),(3,'Hair Oil n Serum','Active',_binary ''),(4,'Foundation','Active',_binary ''),(5,'Concealer','Active',_binary ''),(6,'Eyeliner','Active',_binary ''),(7,'Mascara','Active',_binary ''),(8,'Lipstick','Active',_binary ''),(9,'Lip Balm','Active',_binary ''),(10,'Cleanser','Active',_binary ''),(11,'Moisturizer','Active',_binary ''),(12,'Serum','Active',_binary ''),(13,'Toner','Active',_binary ''),(14,'Exfoliator','Active',_binary ''),(15,'Sunscreen','Active',_binary ''),(16,'Body Lotion','Active',_binary ''),(17,'Deodorant','Active',_binary ''),(18,'Hand n Foot Care','Active',_binary '');
/*!40000 ALTER TABLE `categories` ENABLE KEYS */;
UNLOCK TABLES;

--
-- Table structure for table `customer`
--

DROP TABLE IF EXISTS `customer`;
/*!40101 SET @saved_cs_client     = @@character_set_client */;
/*!50503 SET character_set_client = utf8mb4 */;
CREATE TABLE `customer` (
  `id` int NOT NULL AUTO_INCREMENT,
  `address` varchar(255) DEFAULT NULL,
  `city` varchar(50) DEFAULT NULL,
  `name` varchar(50) DEFAULT NULL,
  `password` varchar(50) DEFAULT NULL,
  `phone` varchar(50) DEFAULT NULL,
  `province` varchar(50) DEFAULT NULL,
  `status` varchar(50) DEFAULT NULL,
  `email` varchar(50) DEFAULT NULL,
  PRIMARY KEY (`id`)
) ENGINE=InnoDB AUTO_INCREMENT=6 DEFAULT CHARSET=utf8mb4 COLLATE=utf8mb4_0900_ai_ci;
/*!40101 SET character_set_client = @saved_cs_client */;

--
-- Dumping data for table `customer`
--

LOCK TABLES `customer` WRITE;
/*!40000 ALTER TABLE `customer` DISABLE KEYS */;
INSERT INTO `customer` VALUES (1,'',NULL,'Nguyễn Văn Cư','ae72aa18ca68fdd6ebfc5051ad620d9dd0546f06','0339153307',NULL,'Active','trtr@f.j'),(2,'123/45 ngô quyền, phường 7','Quận Hồng Bàng','Yến Hoàng','1570946d5efcec35d6c612fda0a7a54df178a0ba','0964452842','Thành phố Hải Phòng','Active','yen.t.cit21@eiu.edu.vn'),(3,NULL,NULL,'longle','ae72aa18ca68fdd6ebfc5051ad620d9dd0546f06','0123456789',NULL,'Active','abc@gmail.com'),(4,'234/56','Quận Ba Đình','abc','a1bafd19dea076e3b00d92278a92189636592292','0123456789','Thành phố Hà Nội','Active','yukiyukinee304@gmail.com');
/*!40000 ALTER TABLE `customer` ENABLE KEYS */;
UNLOCK TABLES;

--
-- Table structure for table `orderdetails`
--

DROP TABLE IF EXISTS `orderdetails`;
/*!40101 SET @saved_cs_client     = @@character_set_client */;
/*!50503 SET character_set_client = utf8mb4 */;
CREATE TABLE `orderdetails` (
  `id` int NOT NULL AUTO_INCREMENT,
  `productid` int NOT NULL,
  `price` double NOT NULL,
  `quantity` int NOT NULL,
  `coupon` varchar(50) DEFAULT NULL,
  `orderid` int NOT NULL,
  PRIMARY KEY (`id`),
  KEY `FKj4gc2ja2otvwemf4rho2lp3s8` (`orderid`),
  CONSTRAINT `FKj4gc2ja2otvwemf4rho2lp3s8` FOREIGN KEY (`orderid`) REFERENCES `orders` (`id`)
) ENGINE=InnoDB AUTO_INCREMENT=9 DEFAULT CHARSET=utf8mb4 COLLATE=utf8mb4_0900_ai_ci;
/*!40101 SET character_set_client = @saved_cs_client */;

--
-- Dumping data for table `orderdetails`
--

LOCK TABLES `orderdetails` WRITE;
/*!40000 ALTER TABLE `orderdetails` DISABLE KEYS */;
INSERT INTO `orderdetails` VALUES (1,31,9.89,1,NULL,1),(2,26,24.66,3,NULL,2),(3,28,109.99,2,NULL,2),(4,33,11.99,3,NULL,2),(5,31,9.89,1,NULL,3),(6,13,39.99,11,NULL,4),(7,24,21.97,3,NULL,4),(8,26,24.66,8,NULL,4);
/*!40000 ALTER TABLE `orderdetails` ENABLE KEYS */;
UNLOCK TABLES;

--
-- Table structure for table `orders`
--

DROP TABLE IF EXISTS `orders`;
/*!40101 SET @saved_cs_client     = @@character_set_client */;
/*!50503 SET character_set_client = utf8mb4 */;
CREATE TABLE `orders` (
  `id` int NOT NULL AUTO_INCREMENT,
  `address` varchar(255) NOT NULL,
  `amount` double NOT NULL,
  `city` varchar(50) NOT NULL,
  `date` date NOT NULL,
  `note` text,
  `paymentmethod` varchar(50) NOT NULL,
  `province` varchar(50) NOT NULL,
  `status` varchar(50) NOT NULL,
  `customerid` int NOT NULL,
  PRIMARY KEY (`id`),
  KEY `FKbhieamq65ke02r8ijfso5tivn` (`customerid`),
  CONSTRAINT `FKbhieamq65ke02r8ijfso5tivn` FOREIGN KEY (`customerid`) REFERENCES `customer` (`id`)
) ENGINE=InnoDB AUTO_INCREMENT=5 DEFAULT CHARSET=utf8mb4 COLLATE=utf8mb4_0900_ai_ci;
/*!40101 SET character_set_client = @saved_cs_client */;

--
-- Dumping data for table `orders`
--

LOCK TABLES `orders` WRITE;
/*!40000 ALTER TABLE `orders` DISABLE KEYS */;
INSERT INTO `orders` VALUES (1,'123/45 ngô quyền, phường 7',9.89,'Quận Ba Đình','2024-12-04','giao giờ hành chính','COD','Thành phố Hà Nội','Inprogress',2),(2,'123/45 ngô quyền, phường 7',329.92999999999995,'Quận 12','2024-12-04','giao giờ hành chính','COD','Thành phố Hồ Chí Minh','Pending',2),(3,'abc',9.89,'Thành phố Thái Nguyên','2024-12-20','','COD','Tỉnh Thái Nguyên','Pending',3),(4,'abc, q12',703.08,'Quận Tây Hồ','2024-12-23','giảm giá phần lẻ cho em được không shop?','COD','Thành phố Hà Nội','Pending',4);
/*!40000 ALTER TABLE `orders` ENABLE KEYS */;
UNLOCK TABLES;

--
-- Table structure for table `product`
--

DROP TABLE IF EXISTS `product`;
/*!40101 SET @saved_cs_client     = @@character_set_client */;
/*!50503 SET character_set_client = utf8mb4 */;
CREATE TABLE `product` (
  `id` int NOT NULL,
  `createtime` date DEFAULT NULL,
  `category` varchar(30) DEFAULT NULL,
  `description` text,
  `mainimage` varchar(2083) DEFAULT NULL,
  `name` varchar(2083) DEFAULT NULL,
  `price` double DEFAULT NULL,
  `quantity` int DEFAULT NULL,
  `status` varchar(50) DEFAULT NULL,
  PRIMARY KEY (`id`)
) ENGINE=InnoDB DEFAULT CHARSET=utf8mb4 COLLATE=utf8mb4_0900_ai_ci;
/*!40101 SET character_set_client = @saved_cs_client */;

--
-- Dumping data for table `product`
--

LOCK TABLES `product` WRITE;
/*!40000 ALTER TABLE `product` DISABLE KEYS */;
INSERT INTO `product` VALUES (1,'2024-11-26','Shampoo','<p>Sulfate-free shampoo for color-treated hair to help prolong salon professional haircolor and deliver intense shine.</p><p>&nbsp;</p><h2>THE BENEFITS</h2><p>The latest innovation in color care, Redken\'s Acidic Color Gloss Shampoo is a revolutionary shampoo that extends color and provides salon-like shine. This sulfate-free shampoo provides long-lasting color vibrancy for up to 32 washes* and locks in intense molecular-level shine for up to 76% shinier hair**. The acidic pH formula with amino acids and vitamin E help seal the cuticle and lock in shine to protect color from fading and dulling that may be caused by water and heat. Use as a complete routine with Acidic Color Gloss Activated Glass Gloss Treatment, Conditioner and Heat Protection Leave-In Treatment.&nbsp;</p><p>&nbsp;</p><h3>KEY BENEFITS:</h3><ul><li>Color vibrancy for up to 32 washes*</li><li>Acidic pH formulas seal cuticle + lock in shine​</li><li>Sulfate-free cleansing​</li><li>Hair looks &amp; feels revitalized instantly ​</li><li>Color protection &amp; salon-grade shine for colored &amp; glossed hair​</li></ul>','redken.jpg','Redken Acidic Color Gloss Shampoo 33.8oz / 1000ml',58.95,500,'Active'),(2,'2024-11-26','Shampoo','<ul><li>Pureology Hydrate Conditioner, 8.5 oz Pack of 2</li><li>Intensely hydrate without weighing hair</li><li>For concentrated natural conditioning</li><li>Awakens the senses with an energizing, refreshing fragrance</li><li>Replenishes parched hair with movement and manageability</li><li>Rehydrates lightened and chemically relaxed hair</li></ul><p>A lavish concentrated hydrating daily conditioner Contains an exclusive AntiFadeComplex that maximizes color retention Delivers intense moisture without weighing hair down Provides concentrated natural conditioning while reducing static Replenishes parched hair with movement &amp; manageability Infused with a refreshing fragrance that awakens the senses Hair appears suppler sleeker &amp; shiner in vibrant color Perfect for dry color-treated hair.&nbsp;Pureology Hydrate Condition reveals soft, lustrous hair while protecting color vibrancy with this luxurious, concentrated daily hydrating conditioner. The exclusive AntiFadeComplex maximizes color retention.</p>','pureology.jpg','Pureology Hydrate Duo Set - Shampoo and Conditioner 8.5 oz',59.99,500,'Active'),(3,'2024-11-26','Shampoo','<h3><strong>KERASTASE DISCIPLINE BAIN FLUIDEALISTE</strong><br>Smooth-in Motion Shampoo</h3><p><strong>Kerastase Discipline Bain Fluidealiste</strong>&nbsp;is designed for thick, unruly hair to protect against frizz and humidity for up to 72 hours. This shampoo is more than just a simple cleanser, it will gently cleanse away impurities without weighing down the hair, whilst the pro-keratin formula restores and re-establishes the integrity of the hair structure.<br><strong>Kerastase Discipline Bain Fluidealiste</strong>&nbsp;is enriched with amino acids, a wheat protein derivative, and ceramide R, which smooths and strengthens the hair and creates an even surface and a hydrophobic layer that protects the hair from humidity. Your hair will be left with natural movement, a soft texture, and a frizz-free finish.</p><p><strong>Features:</strong></p><ul><li>Perfect for thick, unruly, fairly sensitized or chemically treated hair types</li><li>Gently cleanses impurities</li><li>Does not weigh the hair down</li><li>Delivers 72 hours anti frizz protection</li><li>Restores the integrity of the hair</li><li>Cruelty-free/No Animal Testing</li></ul><p><strong>Usage:</strong></p><p>Apply a quarter-sized amount to wet hair. Massage throughout and lather. Rinse thoroughly. For Ultimate results follow with Kerastase Maskeratine Masque or Kerastase Fondant Fluidealiste.</p>','kerastase.jpg','KERASTASE Discipline Bain Fluidealiste 1000ml, Anti Frizz Smoothing Shampoo',84,500,'Active'),(4,'2024-11-26','Conditioner','<ul><li>Apple Cider Vinegar Shampoo for Itchy Scalp and Product Build Up - Finally, a Detox that doesn’t suck. Get rid of product and hard water buildup, dirt and oil with this 1-2x week clarifying shampoo. Here\'s your fresh start, see you next week.</li><li>Time to Detox - This cleansing shampoo uses chelating agents to help remove heavy metals, minerals, and chlorine found in hard water, which can cause color fading to the hair while apple cider vinegar exfoliates, removing flakes and build-up to restore volume, bounce, and shine.</li><li>OUAI Means Yes - In that casual Parisian way. OUAI is about being better IRL. It\'s about having honest conversations with our community. It\'s about letting go of unrealistic expectations and embracing your imperfections.</li><li>Made For Effortless Routines - All OUAI hair care products including this sulfate-free shampoo are carefully crafted to cut styling time and nourish your hair health. We put the good stuff in and leave the bad stuff out, without ever sacrificing quality.</li><li>Live Life Your OUAI - OUAI offers luxury hair products at affordable prices that are user-friendly — no glam squad needed. Wet your hair, lather up with ACV shampoo and rinse clean. Follow with any OUAI conditioner to soften your squeaky clean strands.</li></ul>','ouai.jpg','OUAI Detox Shampoo - Clarifying Shampoo Sulfate-Free Hair Care (10 oz)',25,500,'Active'),(5,'2024-11-26','Conditioner','<h2><strong>Oud Royal Forever Shine Conditioner with MegaBounce</strong></h2><h2><strong>Philip B Oud Royal Forever Shine Conditioner with MegaBounce</strong></h2><p>The first-ever time-released conditioner for mega-bounce and shine that go on for days.</p><ul><li>A truly new technology: Moisturizing botanicals are treated with high-vapor energy, breaking them into tiny molecules that sink in and strengthen hair from the inside out</li><li>Transforms all hair types with instant, dramatic results: Revives, defines and de-frizzes curls; creates sleek, swingy blowouts; and lends fine hair uplifting body and fullness.</li><li>A time-released botanical delivery system (made with natural Safflower Oleosomes) infuses hair with lasting glossiness, bounce, and the light, seductive scent of pure Oud</li><li>Paraben free; color &amp; keratin-treatment safe</li></ul>','philip.jpg','Oud Royal Forever Shine Conditioner with MegaBounce',98,500,'Active'),(6,'2024-11-26','Conditioner','<h3>94% NATURAL INGREDIENTS<br>GLUTEN FREE AND VEGAN</h3><p>Naturally quench your thirsty, weakened tresses with our luxurious detangling and color-protecting conditioner. Crème de Soin à l’Amarante is enriched with botanical extracts for shine, hydration, color protection, and ultra frizz prevention. Includes protein-packed amaranth, vitamin-rich jojoba oil and protective karanja oil. This award-winner is named for the beautifully-scented amaranth flower, treasured for its long-lasting hue and strength.</p>','leonor.jpg','Crème de Soin à l’Amarante Detangling and Color-Protecting Conditioner',58.5,500,'Active'),(7,'2024-11-26','Hair Oil n Serum','<h3>Oribe Gold Lust All Over Oil Hair, Body, Face 50ml 1.7oz WOB</h3><p>Nourish the hair, body and face with Oribe Gold Lust All Over Oil, a hydrating and softening blend of natural oils for an all-over glow.</p><ul><li>Suitable for use all over the hair and body</li><li>Coconut oil is a rich source of fatty acids</li><li>Contains argan oil to encourage lightweight shine for the hair</li><li>Olive fruit oil helps to condition and protect the skin</li><li>Hydrates and moisturises to promote a radiant, healthy glow</li></ul>','oribe.jpg','Oribe Gold Lust All Over Oil Hair, Body, Face 50ml 1.7oz WOB NEW',39.98,500,'Active'),(8,'2024-11-26','Hair Oil n Serum','<h3>Pre-shampoo Treatment Oil for Dry Hair, Protection from the Sun and Water</h3><h4>97% NATURAL INGREDIENTS<br>GLUTEN FREE AND VEGAN</h4><p>Use this iconic pre-shampoo treatment oil for thirsty and over-processed tresses. The naturally hydrating ingredients of L’Huile de Leonor Greyl include organic jojoba, coconut, sunflower seed and sesame seed oils, which are packed with vitamins C, B and E, omegas and antioxidants. Apply L’Huile de Leonor Greyl to dry hair 10 minutes before shampooing, or leave it on overnight as an intensive weekly therapy. This oil also provides sun protection when applied before spending a day at the pool or beach.</p>','lhuile.jpg','Leonor Greyl L\'Huile de Leonor Greyl Pre-Shampoo Treatment Oil',45,500,'Active'),(9,'2024-11-26','Hair Oil n Serum','<h2><strong>Item description from the seller</strong></h2><ul><li>The Precious Hair Care Oil provides nutrition, radiance and softness to the hair</li><li>It has a light texture that will not weigh down your hair and is delicately scented.</li><li>Smoothed and nourished, the hair is immediately enhanced</li><li>The oil rapidly smooths and nourishes each strand, resulting in lustrous locks.</li><li>It contains Shea oil, which moisturizes and smooths the cuticle, as well as moringa oil, which preserves the strands</li></ul>','sisley.jpg','Sisley Hair Rituel Precious Hair Care Oil 3.3oz/100ml',72.97,500,'Active'),(10,'2024-11-26','Foundation','<h2><strong>Item description from the seller</strong><br>&nbsp;</h2><p>What It Is:</p><p>A long wear foundation infused with Hyaluronic Acid and light-diffusing microspheres for a blurring effect and a skin-like matte finish. 40 shades.<br>&nbsp;</p><p>What else you should know:</p><ul><li>Hydrating. Longwear. Medium-Full coverage.</li><li>Defy Conventions: Traceless Soft Matte Foundation is matte without looking flat, cakey, or dry. It combines soft-focus microsphere powders that blur imperfections with wear-extending pigments that provide medium to full buildable coverage. The soft and silky texture is ultra-blendable and defends against caking, poring and settling. Skin still looks and moves like skin and feels smoother over time, even after foundation has been removed.</li><li>Hydration and Longwear: This high-performance formula is formulated with hyaluronic acid to help support skin\'s moisture barrier and antioxidants, Vitamin C &amp; E and caffeine. Treat your complexion to all day, ultra-comfortable long wear.</li><li>Tom Ford\'s Definition of a Modern Matte Finish Foundation: 40 color-true shades for a traceless, soft-focus finish that looks and feels natural and flawless.</li></ul><blockquote><p>\"Looking through a camera lens has taught me that an even skin tone and texture is very important. A perfected matte look is beautiful, but should not look flat or dry. Above all it must move like skin.\" - Tom Ford</p></blockquote>','tomford.jpg','TOM FORD Traceless Soft Matte Foundation 10.7 AMBER 1 oz / 30 ml New in Box',45.99,499,'Active'),(11,'2024-11-26','Foundation','<h2><strong>Item description from the seller</strong></h2><p>Giorgio Armani Luminous Silk Foundation is a multi-award-winning liquid foundation with a silky, lightweight texture that delivers all-day buildable medium coverage with a satin glow finish for naturally flawless-looking skin and a no-makeup makeup look. This oil-free foundation is formulated with exclusive Micro–fil &amp; trade technology, a patented process that allows the pigments to lay flat on the skin’s surface for a seamless application and a natural, second-skin effect.<br><br><strong>Benefits:</strong><br>Medium buildable coverage<br>Naturally luminous, airbrushed finish<br>Oil-free<br>For all skin types</p>','armani.jpg','Giorgio Armani Luminous Silk Foundation #9 Tan to Deep 30ml/1oz – NEW',39.99,500,'Active'),(12,'2024-11-26','Foundation','<h3><strong>Cle De Peau Beaute Radiant Fluid Foundation Broad Spectrum SPF 24 (O60) Very Deep Ochre 1fl.oz/30ml - NEW BOX - Free USA Shipping</strong></h3><p><strong>A liquid foundation that gives skin a dewy lustrous finish and creates a glowing veil of beauty. Emits multi-dimensional light from the surface of the complexion to provide an even radiance and a fine texture. Protects skin with broad spectrum SPF 24.</strong></p><h2><strong>Key Benefits</strong></h2><ul><li>Contains Illuminating Complex, a powerful moisture-stabilizing force that promotes exquisite radiance.</li><li>Day Matching Powder responds to changes in skin tone throughout the day and maintains a perfect foundation finish.</li><li>Watery Oil Base provides a uniquely dewy, lustrous finish.</li><li>Imparts a “glowing veil” to reveal a vibrant luminosity that transcends the natural look of skin.</li><li>Resists dullness, wear and changes in color throughout the day to retain a beautiful finish for hours.</li><li>Moisturizes skin and allows you to feel hydrating treatment.</li><li>Developed with a dewy serum-like texture that glides on as if melting over skin to become one with your complexion and provide a smooth finish.</li><li>Contains Chestnut Rose Fruit Extract to make skin feel soft providing moisture while preventing skin from looking dull.</li></ul>','clede.jpg','Cle De Peau Beaute Radiant Fluid Foundation SPF 24 (O60) Very Deep Ochre 30ml US',120,497,'Active'),(13,'2024-11-26','Concealer','<p>What It Is:<br>Natural, buildable and weightless coverage, under-eye brightening, dark-circle correcting, skin-loving brush concealer.<br><br>What It Does:<br>The Touche Éclat High Cover Radiant Concealer erases hereditary dark circles, helps to erase signs of fatigue, and corrects the all over eye area. The entire eye instantly looks awake and bright. Higher coverage than the original Touche Éclat, this formula is buildable for as much coverage as needed. It is the ultimate no-makeup makeup formula: create flawless coverage without ever looking overdone or artificial. The built-in brush applicator is perfect for applying and blending in the small eye area.<br><br>Key Ingredients:</p><ul><li>Caffeine + Ruscus Extract: under-eye puffiness and swelling</li><li>Hyaluronic Acid: hydrates</li><li>Vitamin E + Calendula Extract: antioxidant-rich and soothing to protect and care for delicate eye area</li></ul><p>Formulated Without:</p><ul><li>Pthalate-Free</li><li>Sulfate-Free</li><li>Paraben-Free</li></ul>','ysl.png','YSL Touche Eclat High Cover Radiant Concealer #1.5 Beige Full Sz .08oz NIB',39.99,489,'Active'),(14,'2024-11-26','Concealer','<p>Brand new in box Magic Away Concealer from Charlotte Tilbury.<br>Shade: 14 Deep (a warm bronze shade for deep skin tones with peach undertones).<br>Reduces the appearance of dark circles, blemishes and imperfections<br>Cushion applicator designed to hug the under eye contour.<br>Size: 4ml</p>','charlotte.jpg','Charlotte Tilbury Magic Away Liquid Concealer 14 Deep NEW',24.99,500,'Active'),(15,'2024-11-26','Concealer','<p>Tarte Shape Tape Full Coverage Contour Concealer&nbsp;- 0.3381oz - <strong>Shade 12S&nbsp;Fair -</strong> 12S is for fair skin with yellow undertones.&nbsp; This incredible best selling concealer is a vegan, super blendable formula that instantly helps brighten, smooth and give skin a firmer, more lifted look. Full coverage with flawless matte finish. Conceals all imperfections and doubles as a contour/highlight product. Creamy, easy to blend formula won\'t flake or crease. Helps illuminate skin for a lifted effect. Shea Butter is a natural skin emollient that helps retain skin elasticity and protects against degeneration. Mango Seed Butter is a vitamin rich butter that helps moisturize, condition and protect against free radical damage. Licorice Root Extract brightens the appearance of dark circles and color corrects. Always formulated without parabens, mineral oil, phthalates, triclosan, sodium lauryl sulfate, and gluten. Vegan, dermatologist tested, cruelty free.</p>','tarte.jpg','Tarte Shape Tape Full Coverage Contour Concealer Shade 12S Fair',26,500,'Active'),(16,'2024-11-26','Eyeliner','<p>Lancome ARTLINER 24H Eyeliner Bold Color Precision Eye Liner&nbsp;</p><p>Shade: 01 BLACK DIAMOND (black)</p><p>Suitable for sensitive eyes</p><p>Shake before use</p><p>Discontinued and very hard to find</p>','lancome.jpg','Lancome Artliner 24H Eyeliner Bold Color Precision Eye Liner 1 BLACK DIAMOND',46.7,498,'Active'),(17,'2024-11-26','Eyeliner','<p>Marc Jacobs Highliner Gel Eye Crayon In Fine (Wine) *Brand New*.</p><p>This beautiful eyeliner from Marc Jacobs can be paired with your favorite eyeshadows or worn alone.</p><p>The texture is creamy and glides onto the eyes.</p><p>The eyeliner won’t smudge and is long lasting.</p><p>This item is authentic.</p>','marc.jpg','Marc Jacobs Highliner Gel Eye Crayon In Fine (Wine) *Brand New*',44,500,'Active'),(18,'2024-11-26','Eyeliner','<p>NEW Stila Stay All Day Waterproof Liquid Eye Liner Intense Black</p><p>New in box.</p><p>#1 selling liquid eye liner in an amazing, satin finish.</p><p>Fine marker-like tip offers precise application for everyone from novices to pros.</p><p>Results in beautifully defined eyes that leave a lasting impression.</p><p>Perfect to draw thin, precise lines or thick, dramatic strokes.</p><p>Waterproof, transfer-proof, and smudge-proof.</p><p>Glides on with ease, dries quickly, and won\'t smudge or run day-into-night.</p><p>Lasts all day long!</p><p>Long-wearing with no feathering or running.</p><p>Ophthalmologist tested - safe for sensitive eyes and contact lens wearers.</p>','stila.jpg','NEW Stila Stay All Day Waterproof Liquid Eye Liner Intense Black',22,500,'Active'),(19,'2024-11-26','Mascara','<h3>Description</h3><p>The Super Slim Waterproof Mascara elevates each eyelash and maintains curled lashes for an extended period</p><p>Its waterproof formula is highly resistant to water and oil, preventing makeup from smudging</p><p>This mascara aids in achieving well-defined and distinct eyelashes</p><h3>&nbsp;</h3><h3>Main Ingredients</h3><p>Isododecane, Trimethylsiloxysilicate, Microcrystalline Wax, Polyethylene, Disteardimonium Hectorite, Dextrin Palmitate/Ethylhexanoate, Iron Oxide Black (CI 77499), Silica, Hydrogenated Polyisobutene, Silica Silylate, VP/Eicosene Copolymer, Polypropylsilsesquioxane, Ethylene/Propylene Copolymer, Propylene Carbonate, Glyceryl Caprylate, Sorbitan Isostearate, Polymethylsilsesquioxane, Triethoxycaprylylsilane</p><h3>&nbsp;</h3><h3>How to use</h3><p>Take an appropriate amount on the brush and gently sweep the eyelashes from bottom to top</p>','mascara.jpg','Mascara 3CE Slim Fix Waterproof 6.5g',26,500,'Active'),(20,'2024-11-26','Mascara','<p><strong>What it is:&nbsp;</strong>A mini universal mascara with a unique eye-hugging brush to lift, lengthen, curl, and volumize every lash type for a lusher look.<br><br><strong>Formulation Type:&nbsp;</strong>Volumizing, Curling, and Lengthening<br><br><strong>Benefits:&nbsp;</strong>Long-wearing<br><br><strong>Highlighted Ingredients:</strong><br>- Castor Oil: Conditions, softens, and nourishes lashes.<br><br><strong>Ingredient Callouts:</strong>&nbsp;Free of parabens. It is also vegan and cruelty-free.<br><br><strong>What Else You Need to Know:</strong>&nbsp;Finding the perfect mascara comes down to your lash type, which differs from person to person. This weightless, easy-to-build formula and curvy, multi-length brush are made to give every lash type (fine/sparse, full/thick, straight, and curly) more lift, length, curl, and volume.<br><br><strong>Clinical Results:</strong>&nbsp;In an independent instrumental study of 120 subjects:<br>- 100% of all lash types had more length and volume<br>- 95% of all lash types had more lift<br>- 92% of all lash types had more curl</p>','rarebeautymascara.jpg','3X Rare Beauty Selena Gomez Perfect Strokes Volumiz Mascara BLK .27oz MINI Trial',70,499,'Active'),(21,'2024-11-26','Mascara','<p>Instantly create the look of lash extensions with this award-winning, best-selling tubing mascara that won\'t clump, flake or smudge. This sweat-proof, water-resistant formula is available in 5 shades!</p><p><strong>Indulge in our Limited Edition packaging mascara—same iconic formula, now in an exclusive design, available for a limited time!</strong></p>','thrivemascara.jpg','Thrive Causemetics Liquid Lash Extensions Mascara',26,500,'Active'),(22,'2024-12-02','Toner','<h2>Dear, Klairs, Supple Preparation Unscented Toner, 6.08 fl oz (180 ml)</h2><h3>DESCRIPTION:</h3><p>Moisturizing Skin Care Program Essential Oil-Free Balances pH Level Deep Moisturizing Vegan Friendly Supple Preparation Unscented Toner is an essential oil-free type toner. It is formulated with a base of various botanical extracts to balance the skin\'s pH level and provide full nourishment to the skin. Our Philosophy Simple, but enough Dear, Klairs believes in \'Simple Skincare\': we use a minimal number of products catered to your exact skin type produce the best results. Basics for sensitive skin Deep Moisturizing Cleanses &amp; Soothes Balances pH Level Natural &amp; Botanical Extracts</p><h3>SUGGESTED USE:</h3><p>Apply on a clean face. Gently pat all over your face using your palms. Pat remaining product into skin until fully absorbed.</p><h3>INGREDIENTS:</h3><p>Water, butylene glycol, dimethyl sulfone, betaine, caprylic/ capric triglyceride, disodium edta, glycyrrhiza glabra (licorice) root extract, centella asiatica extract, chlorphenesin, tocopheryl acetate, glycerin, arginine, carbomer, panthenol, luffa cylindrica fruit/leaf/stem extract, 1,2-hexanediol, hydroxyethylcellulose, aloe barbadensis leaf extract, althaea rosea flower extract, portulaca oleracea extract, polyquaternium-51, beta-glucan, lysine hcl, sodium ascorbyl phosphate, sodium hyaluronate, acetyl methionine, theanine, proline, natto gum, disodium phosphate, polysorbate 60, sodium phosphate, copper tripeptide-1</p><h3>WARNINGS:</h3><p>For external use only. Discontinue use if irritation develops or increases. If irritation persists, consult a doctor or a health care practitioner. Avoid contact with eyes. Keep out of reach of children. Store in a cool, dry place away from sunlight.</p>','toner.jpg','Dear, Klairs, Supple Preparation Unscented Toner, 6.08 fl oz, Balances pH Level',21.51,498,'Active'),(23,'2024-12-02','Toner','<figure class=\"table\"><table><tbody><tr><td><h4>Kind to skin</h4><p>Simple Kind to Skin Soothing Facial Toner removes alkaline residue left after cleansing, helping restore the balance of your skin\'s natural pH level. Skin is toned, refreshed and ready for moisturiser.</p></td><td><h4>Skin-loving ingredients</h4><p>Our alcohol-free toner features a special blend of Simple skin-toning goodness including ingredients like pro-vitamin B5, witch hazel, chamomile and allantoin to help replenish skin\'s building blocks with every use.</p></td><td><h4>No harsh chemicals</h4><p>Simple products contain no artificial colours, perfumes or harsh chemicals that can upset skin. The non-comedogenic formula is dermatologically tested and suitable even for sensitive skin.</p></td><td><h4>Cruelty-free and vegan</h4><p>Simple Kind to Skin Soothing Toner is suitable for vegans and Simple is certified cruelty-free by PETA. We do not test on animals anywhere in the world.</p></td></tr></tbody></table></figure><p><br>&nbsp;</p>','simple.jpg','Simple Kind to Skin Soothing Facial Toner 200ml | Free Shipping',3.49,497,'Active'),(24,'2024-12-02','Lipstick','<h2>Dior Rouge Dior Forever Lipstick 647 Forever Feminine</h2><p>Experience the universally flattering shade of Dior Rouge Dior Forever Lipstick in shade 647, \"Forever Feminine.\" This versatile color beautifully complements a wide range of skin tones, making it suitable for all. The long-lasting formula ensures that the color stays vibrant and intact throughout the day, providing a reliable and long-wearing option. It offers a soft, natural-looking finish with a subtle sheen that enhances the lips\\\' natural texture, creating a truly mesmerizing effect. Infused with moisturizing ingredients, this lipstick keeps the lips feeling soft and hydrated, ensuring comfort and preventing any dryness. Embrace the elegance and versatility of Dior Rouge Dior Forever Lipstick in shade 647, \"Forever Feminine.\" for a timeless and sophisticated lip look.</p><p>&nbsp;</p><ul><li>Universally flattering shade: The Dior Rouge Dior Forever Lipstick in shade 647, \"Forever Feminine.\" is a versatile color that complements a wide range of skin tones, making it suitable for everyone.</li><li>Long-lasting formula: This lipstick offers long-lasting wear, ensuring that the color stays vibrant and intact throughout the day.</li><li>Soft, natural-looking finish: The formula provides a soft, natural-looking finish on the lips, enhancing their natural texture and creating a subtle sheen.</li><li>Hydrating and moisturizing: Infused with moisturizing ingredients, this lipstick keeps the lips feeling soft and hydrated, preventing any dryness or discomfort.</li><li>Perfect for everyday wear: The \"Forever Feminine.\" shade is ideal for everyday wear, adding a touch of elegance and sophistication to any makeup look.</li></ul>','lipstick.jpg','Dior Rouge Dior Forever Lipstick 647 Forever Feminine',21.97,496,'Active'),(25,'2024-12-03','Lip Balm','<p>Dr. Bronner\'s Organic Lip Balms, made with organic beeswax, provide a protective barrier to the elements with no synthetic ingredients! None! Organic jojoba, avocado and hemp oils help with extra moisturization. Only the finest essential oils are used for fragrance. Certified organic to USDA National Organic Program standards, because what you put on your lips goes into your body. Vegetarian.<br><br><br><strong>SUGGESTED USES</strong><br>Use to moisturise-heal chapped-dry skin anywhere on your body! Quickly treat dry hands or cuticles, chapped chins or cheeks &amp; provide relief for chaffed skin where needed. Heal recently tattooed skin and brighten up old tattoos! For tattoo care, wash your tattoo with one of our soaps, pat the area dry and apply a thin layer of Organic Body Balm over the tattoo<br><br><br><strong>INGREDIENTS</strong><br>Organic Persea Gratissima (Avocado) Oil*, Organic Beeswax, Organic Simmondsia Chinensis (Jojoba) Seed Oil, Organic Cannabis Sativa (Hemp) Seed Oil, Organic Mentha Piperita (Peppermint) Oil, Tocopherol<br>*CERTIFIED FAIR TRADE INGREDIENTS</p>','bronner.jpg','Dr Bronner\'s Peppermint Lip Balm 4g',7.75,500,'Active'),(26,'2024-12-03','Cleanser','<p><strong>What it is</strong></p><p>An antioxidant cleanser that doesn’t mess up your skin barrier, lifting everything your skin doesn\'t want while leaving what it needs; healthy pH, hydration, antioxidants and no irritation. Matcha and hemp seeds are here to boost the skin’s intake of antioxidants and essential fatty acids. Your skin and this cleanser might be a matcha made in heaven!</p><p>&nbsp;</p><p><strong>Capacity</strong></p><p>120ml</p><p>&nbsp;</p><p><strong>Key ingredients</strong></p><p>Matcha</p><p>One of the most antioxidant-dense sources on the planet.</p><p>Basically, we thought it’d be awesome to splash matcha every day on our skin.<br>&nbsp;</p><p>Hemp seed oil</p><p>HIGH in essential amino acids, HIGH in linoleic acid, oh yeah, it’s so HIGH-drating!</p><p>Great for all skin types, even for oily skin peeps.</p><p>Hemp seed oil has a natural antibacterial property that helps to relieve inflamed skin conditions.</p><p>&nbsp;</p><p>Coco -betaine, Coco-glucoside, Decyl glucoside</p><p>A group of mild and gentle cleaning agents.</p><p>These surfactants are less likely to compromise your skin barrier whereas harsh surfactants (like SLS) can strip away everything including your natural lipids.</p><p>And these, you don’t want to surrender.</p><p>&nbsp;</p><p>Vitamin B5 &amp; Sodium PCA</p><p>Skin-barrier strengthening ingredients replenishing hydration.</p><p>&nbsp;</p><p><strong>Recommended for</strong></p><p>All skin types</p><p>&nbsp;</p><p><strong>How to use</strong></p><p>Morning and night, apply Matcha Hemp Hydrating Cleanser on a wet face and neck, and gently massage into skin. Never be aggressive! Rinse with lukewarm water. Splashing cold or hot water can do more harm than good, so let\'s not shock our skin. If makeup is present, using a suitable makeup remover before would be a skin-friendlier option.</p>','krave.jpg','[Krave Beauty] Matcha Hemp Hydrating Cleanser 120ml',24.66,489,'Active'),(27,'2024-12-03','Moisturizer','<p>Sheer Cover Advanced Nourishing Moisturizer Broad Spectrum Spf 15. 60ML SEALED.</p><p>Direction:</p><p>For best result, apply daily underneath Sheer Cover Studio Conceal and Brighten Trio and Perfect Shade Mineral Foundation.</p><p>Smooth into clean skin. Allow advanced Nourishing Moisturizer Broad Spectrum SPF 15 to absorb completely before applying makeup. May also be blended with Sheer Cover Studio. Perfect Shade Mineral Foundation to create you own tinted moisturizer.</p>','sheer.jpg','Sheer Cover Advanced Nourishing Moisturizer Broad Spectrum Spf 15',29.99,500,'Active'),(28,'2024-12-03','Serum','<h4>Description</h4><p>TNS Advanced+ Serum is clinically proven to smooth the appearance of wrinkles &amp; fine lines, target sagging, &amp; rejuvenate skin. Users felt they looked 6 years younger in just a few weeks. Reference: 1. Data on file at SkinMedica</p><h4>Benefits</h4><p>TNS Advanced+ Serum is proven to smooth the appearance of wrinkles &amp; fine lines, target sagging, &amp; rejuvenate skin.</p><h4>Suggested Use</h4><p>Dispense single pump onto the back of hand, blend together &amp; apply to face morning &amp; night. Avoid getting in eyes.</p>','skinmedica.jpg','SkinMedica TNS Advanced + Serum 1oz *New In Box* Sealed',109.99,498,'Active'),(29,'2024-12-03','Exfoliator','<p><strong>What it is:</strong><br>Helps remove dulling &amp; dead surface cells Contains Chamomilla Recutita Flower Extract &amp; Olive Leaf Extract Blended with Papaya Fruit Extract &amp; Willow Bark Extract Infused with Lactic Acid to brighten skin Stimulates cell renewal &amp; turnover Skin appears smooth, purified &amp; nourished<br>&nbsp;</p><p><strong>Ingredients:</strong><br>Lactic Acid, Water, Glycerin, Sodium Lactate, Hydroxypropyl Starch Phosphate, Galactoarabinan, Sodium Hydroxide, Chamomilla Recutita (Matricaria) Flower Extract, Olea Europaea (Olive) Leaf Extract, Salix Alba (Willow) Bark Extract, Protease Aminopeptidase, Bacillus Ferment, Hexanoyl Dipeptide-3 Norleucine Acetate, Lecithin, Xylitol, Cocamidopropyl PG-Dimonium Chloride Phosphate, Propylene Glycol, Ethoxydiglycol, PEG-40 Hydrogenated Castor Oil.</p><p><strong>Directions:</strong><br>Apply a small amount onto face &amp; neck, massage gently. Leave on for 3 - 10 minutes. If stinging or irritation occurs, remove immediately. Remove with Dermalogica Double Cleanse that begins with PreCleanse followed by Special Cleansing Gel.</p>','dermalogica.jpg','Dermalogica Exfoliant Accelerator 35 Pro Size ( 6 fl oz / 177 mL ) Auth ',89.5,500,'Active'),(30,'2024-12-03','Sunscreen','<p><strong>Vichy Capital Soleil Mattifying Dry Touch Face Fluid SPF50</strong>&nbsp;is a&nbsp;mattifying&nbsp;face fluid with high sun protection for combination to oily skin.</p><p>&nbsp;</p><p><strong>Vichy Capital Soleil Mattifying Dry Touch Face Fluid SPF50</strong>&nbsp;helps to moisturize and protect oily skin, mattifying it.</p><p>- Mexoryl filters XL, UVA and UVB and Vichy thermal water for a moisturizing, protective, anti-aging, mattifying and fortifying action</p><p>- Moisturizes deeply without leaving oily skin</p><p>- Protects against solar and daily environmental aggressors</p><p>- Reinforces the skin’s natural barrier</p><p>- Prevents skin aging</p><p>- Provides high sun protection (SPF50)</p><p>- Does not block the pores</p><p>- Ideal for combination to oily skin</p><p>- No parabens</p><p>- Skin feels moisturized, soft and perfectly protected</p><p>&nbsp;</p><p><strong>HOW TO USE</strong></p><p>Apply&nbsp;<strong>Vichy Capital Soleil Mattifying Dry Touch Face Fluid SPF50</strong>&nbsp;to perfectly cleansed and dry skin, 30 minutes before sun exposure.&nbsp;Reapply the application every 2 hours or after swimming.</p><p>&nbsp;</p><p><strong>Vichy Capital Soleil Mattifying Dry Touch Face Fluid SPF50 50ml</strong>. Condition is New with box. Shipped with USPS First Class Package.</p>','vichy.jpg','Vichy Capital Soleil Mattifying Dry Touch Face Fluid SPF50 50ml',22.99,497,'Active'),(31,'2024-12-04','Body Lotion','<p>Reveal irresistibly soft skin with NIVEA Shea Daily Moisture Body Lotion. The lightweight, non-greasy formula in this NIVEA body lotion for dry skin intensively moisturizes for 48 hours. This moisturizing body lotion gently melts into skin leaving it silky and smooth after just one application, and is enriched with Shea Butter and NIVEA Deep Nourishing Serum. NIVEA Shea Daily Moisture Body Lotion is dermatologically tested. This shea butter moisturizer is also a perfect solution for those looking for a daily hand lotion or foot lotion. NIVEA is proud to be one of the leading companies in the field of skin care products, with more than 130 years of expertise. A daily moisturizing lotion is a key part of a skincare routine and this shea butter body lotion pairs well with NIVEA body wash as part of a daily skin care regimen. To use, smooth this nourishing shea butter lotion over dry skin.</p>','nivea.jpg','NIVEA Shea Daily Moisture Body Lotion Dry Skin Lotion w/ Shea Butter 16.9 Fl Oz',9.89,498,'Active'),(32,'2024-12-04','Deodorant','<p>We all spend plenty of time on our skin and hair care routines but it’s easy to forget about underarm care. Frankly, our underarms deserve better! Good news: you can care for your underarms every day with a quick spritz of Dove Original Antiperspirant Deodorant. It helps give you beautifully soft and smooth underarm skin, while providing up to 48 hours of antiperspirant protection.</p><p>Dove antiperspirant deodorants help to reduce the irritation on your delicate underarm skin that can be caused by shaving. They contain ¼ moisturizing cream for beautifully soft and smooth underarms. In fact, the ¼ moisturizing cream in our formula is proven to give you soft and smooth underarm skin after just three days of use.</p><p>Like all of our Dove Original products, this antiperspirant deodorant has a delicate scent that helps to keep you smelling fresh and clean all day long.</p><p>Try our Original Antiperspirant Deodorant spray for outstanding underarm care and protection against underarm wetness and odor, plus the signature Dove Original scent you know and love.</p><h2>Perfect for</h2><ul><li>Soft, smooth underarms. Our unique ¼ moisturizing cream helps to nourish and protect your delicate underarm skin so that it is even softer and smoother</li><li>&nbsp;Long-lasting protection If you want cared for, smooth underarms and freshness that lasts all day, Dove Original Antiperspirant is for you, giving you 48-hours of protection</li><li>Helping skin recover after shaving. The ¼ moisturizing cream also helps your skin to recover from the irritation that shaving can cause, so you can feel confident that your delicate underarm skin is cared for</li></ul><h2>How to use</h2><p>For the best all-day protection: after showering, make sure your underarms are completely dry (and cool, if possible). Then shake your can to evenly mix the protecting and nourishing ingredients. Finally, holding your arm above your head, spray one underarm at a time with a good spritz. Holding the can about 15cm away from underarms for about two seconds is perfect. It’s really as simple as that.</p>','dove.jpg','Dove Women 150 ML/5.07 FL OZ Antiperspirant Deodorant Spray Assortment',4,499,'Active'),(33,'2024-12-04','Hand n Foot Care','<p>Rule one in beauty is that you can own The best make up in the world, but it won\'t look good unless your skin is happy, healthy and nourished. Target your concerns and find the daily essentials that will improve your overall skin health. Tried and tested, these are the formulas that really work.</p><p>We created Compact by Design to identify products that, while they may not always look very different, have a more efficient design. With the removal of excess air and water, products require less packaging and become more efficient to dispatch. At scale, these small differences in product size and weight lead to significant carbon emission reductions.</p><p>Rule one in beauty is that you can own The best make up in the world, but it won\'t look good unless your skin is happy, healthy and nourished. Target your concerns and find the daily essentials that will improve your overall skin health. Tried and tested, these are the formulas that really work.</p><p>Vaseline soothing hand cream accelerates dry skin\'s ability to repair itself by infusing and locking in the moisture it needs. With non - greasy formulation, it leaves an invisible protective shield on hands. Hypoallergenic.</p><p>Aqua, Paraffinum Liquidum, Stearic Acid, Dimethicone, Glycerin, Glycol Stearate, Collagen Amino Acids, Cyclopentasiloxane, Dihydroxypropyltrimonium Chloride, Helianthus Annuus Seed Oil, Hydrolyzed Keratin, Hydrolyzed Milk Protein, Hydroxyethyl Urea, Lactic Acid</p><p>Vaseline heals all skin to make it beautifully healthy and Vaseline Intensive Care Healthy Hands Stronger Nails Hand Cream is no different. With a unique keratin formula and microdroplets of our triple-purified Vaseline jelly, this moisturising hand cream penetrates deep into the stratum corneum (outer layer) of the skin, delivering instant and deep moisture to dry hands and itchy skin.</p>','vaseline.jpg','Vaseline Intensive Care Advanced Repair Cream',11.99,495,'Active'),(34,'2024-12-23','Shampoo','<p>yen yen yen</p>','armani.jpg','yen',77,52,'Active');
/*!40000 ALTER TABLE `product` ENABLE KEYS */;
UNLOCK TABLES;

--
-- Table structure for table `productimages`
--

DROP TABLE IF EXISTS `productimages`;
/*!40101 SET @saved_cs_client     = @@character_set_client */;
/*!50503 SET character_set_client = utf8mb4 */;
CREATE TABLE `productimages` (
  `id` int NOT NULL AUTO_INCREMENT,
  `images` varchar(2083) DEFAULT NULL,
  `productid` int NOT NULL,
  PRIMARY KEY (`id`),
  KEY `FK1v6lv49jagftfdr7mjrj05122` (`productid`),
  CONSTRAINT `FK1v6lv49jagftfdr7mjrj05122` FOREIGN KEY (`productid`) REFERENCES `product` (`id`)
) ENGINE=InnoDB AUTO_INCREMENT=135 DEFAULT CHARSET=utf8mb4 COLLATE=utf8mb4_0900_ai_ci;
/*!40101 SET character_set_client = @saved_cs_client */;

--
-- Dumping data for table `productimages`
--

LOCK TABLES `productimages` WRITE;
/*!40000 ALTER TABLE `productimages` DISABLE KEYS */;
INSERT INTO `productimages` VALUES (1,'redken(1).jpg',1),(2,'redken(2).jpg',1),(3,'redken(3).jpg',1),(4,'redken(4).jpg',1),(5,'pureology(1).jpg',2),(6,'pureology(2).jpg',2),(7,'pureology(3).jpg',2),(8,'pureology(4).jpg',2),(9,'kerastase(1).jpg',3),(10,'kerastase(2).jpg',3),(11,'kerastase(3).jpg',3),(12,'kerastase(4).jpg',3),(13,'ouai(1).JPG',4),(14,'ouai(2).jpg',4),(15,'ouai(3).png',4),(16,'ouai(4).png',4),(17,'philip1.jpg',5),(18,'philip2.jpg',5),(19,'philip3.jpg',5),(20,'philip4.jpg',5),(21,'leonor1.jpg',6),(22,'leonor2.jpg',6),(23,'leonor3.jpg',6),(24,'leonor4.jpg',6),(25,'oribe1.jpg',7),(26,'oribe2.jpg',7),(27,'oribe3.jpg',7),(28,'oribe4.jpg',7),(29,'lhuile2.jpg',8),(30,'lhuile3.jpg',8),(31,'luihe1.jpg',8),(32,'luihe4.jpg',8),(33,'siley1.jpg',9),(34,'sisley2.jpg',9),(35,'sisley3.jpg',9),(36,'sisley4.jpg',9),(37,'tomford1.jpg',10),(38,'tomford2.jpg',10),(39,'tomford3.jpg',10),(40,'tomford4.jpg',10),(41,'armani1.jpg',11),(42,'armani2.jpg',11),(43,'armani3.jpg',11),(44,'armani4.jpg',11),(45,'clede1.jpg',12),(46,'clede2.jpg',12),(47,'clede3.png',12),(48,'clede4.jpg',12),(49,'ysl1.jpg',13),(50,'ysl2.jpg',13),(51,'ysl3.jpg',13),(52,'ysl4.jpg',13),(53,'charlotte1.jpg',14),(54,'charlotte2.jpg',14),(55,'charlotte3.jpg',14),(56,'charlotte4.jpg',14),(57,'tarte1.jpg',15),(58,'tarte2.jpg',15),(59,'tarte3.jpg',15),(60,'tarte4.jpg',15),(61,'lancome1.jpg',16),(62,'lancome2.jpg',16),(63,'lancome3.jpg',16),(64,'lancome4.jpg',16),(65,'marc1.jpg',17),(66,'marc2.jpg',17),(67,'marc3.jpg',17),(68,'marc4.jpg',17),(69,'stila1.jpg',18),(70,'stila2.jpg',18),(71,'stila3.jpg',18),(72,'stila4.jpg',18),(73,'mascara(1).jpg',19),(74,'mascara(2).jpg',19),(75,'mascara(3).jpg',19),(76,'mascara(4).jpg',19),(77,'rarebeautymascara(1).jpg',20),(78,'rarebeautymascara(2).jpg',20),(79,'rarebeautymascara(3).jpg',20),(80,'rarebeautymascara(4).jpg',20),(81,'thrivemascara(1).jpg',21),(82,'thrivemascara(2).jpg',21),(83,'thrivemascara(3).jpg',21),(84,'thrivemascara(4).jpg',21),(85,'toner1.jpg',22),(86,'toner2.jpg',22),(87,'toner3.jpg',22),(88,'toner4.jpg',22),(89,'simple1.jpg',23),(90,'simple2.jpg',23),(91,'simple3.jpg',23),(92,'simple4.jpg',23),(93,'lipstick1.jpg',24),(94,'lipstick2.jpg',24),(95,'lipstick3.jpg',24),(96,'lipstick4.jpg',24),(97,'bronner3.jpg',25),(98,'bronner4.jpg',25),(99,'krave1.jpg',26),(100,'krave2.jpg',26),(101,'krave3.jpg',26),(102,'krave4.jpg',26),(103,'sheer1.jpg',27),(104,'sheer2.jpg',27),(105,'sheer3.jpg',27),(106,'sheer4.jpg',27),(107,'skinmedica1.jpg',28),(108,'skinmedica2.png',28),(109,'skinmedica3.jpg',28),(110,'skinmedica4.jpg',28),(111,'dermalogica1.jpg',29),(112,'dermalogica2.jpg',29),(113,'dermalogica3.jpg',29),(114,'dermalogica4.jpg',29),(115,'vichy1.jpg',30),(116,'vichy2.jpg',30),(117,'vichy3.jpg',30),(118,'vichy4.jpg',30),(119,'nivea4.jpg',31),(120,'nivea3.jpg',31),(121,'nivea1.jpg',31),(122,'nivea2.jpg',31),(123,'dove2.jpg',32),(124,'dove3.jpg',32),(125,'dove4.jpg',32),(126,'dove1.png',32),(128,'vaseline1.jpg',33),(129,'vaseline2.jpg',33),(130,'vaseline3.png',33),(131,'vaseline4.png',33),(132,'armani2.jpg',34),(134,'bronner1.jpg',34);
/*!40000 ALTER TABLE `productimages` ENABLE KEYS */;
UNLOCK TABLES;
/*!40103 SET TIME_ZONE=@OLD_TIME_ZONE */;

/*!40101 SET SQL_MODE=@OLD_SQL_MODE */;
/*!40014 SET FOREIGN_KEY_CHECKS=@OLD_FOREIGN_KEY_CHECKS */;
/*!40014 SET UNIQUE_CHECKS=@OLD_UNIQUE_CHECKS */;
/*!40101 SET CHARACTER_SET_CLIENT=@OLD_CHARACTER_SET_CLIENT */;
/*!40101 SET CHARACTER_SET_RESULTS=@OLD_CHARACTER_SET_RESULTS */;
/*!40101 SET COLLATION_CONNECTION=@OLD_COLLATION_CONNECTION */;
/*!40111 SET SQL_NOTES=@OLD_SQL_NOTES */;

-- Dump completed on 2025-08-15  8:39:36
